City_ID,City,Country,Date,Lat,Lng,Max Temp,Humidity,Cloudiness,Wind Speed
0,Rikitea,PF,2020-08-18 17:04:41,-23.12,-134.97,71.65,81,3,12.08
1,Busselton,AU,2020-08-18 17:04:41,-33.65,115.33,45.0,72,74,5.14
2,Luderitz,NA,2020-08-18 17:04:41,-26.65,15.16,62.2,32,0,29.53
3,Saskylakh,RU,2020-08-18 17:01:58,71.92,114.08,46.45,85,100,8.39
4,Mataura,NZ,2020-08-18 17:04:42,-46.19,168.86,43.68,76,100,4.34
5,Kodiak,US,2020-08-18 17:04:42,57.79,-152.41,57.2,82,90,1.95
6,Carnarvon,AU,2020-08-18 17:04:42,-24.87,113.63,62.6,88,53,10.29
7,Camacha,PT,2020-08-18 17:04:42,33.08,-16.33,77.0,65,20,12.75
8,Vaini,TO,2020-08-18 17:04:43,-21.2,-175.2,73.4,94,90,12.75
9,Barrow,US,2020-08-18 17:04:43,71.29,-156.79,42.8,100,90,17.22
10,Gisborne,NZ,2020-08-18 17:01:56,-38.65,178.0,48.99,80,100,1.01
11,Punta Arenas,CL,2020-08-18 17:03:00,-53.15,-70.92,35.6,59,20,14.99
12,Nioro,GM,2020-08-18 17:04:43,13.35,-15.75,87.33,69,83,12.86
13,Jamestown,US,2020-08-18 17:04:44,42.1,-79.24,72.0,60,20,14.99
14,New Norfolk,AU,2020-08-18 17:04:44,-42.78,147.06,41.0,80,90,1.97
15,Saint-Augustin,CA,2020-08-18 17:02:46,51.23,-58.65,66.34,62,94,16.37
16,Broome,US,2020-08-18 17:04:45,42.25,-75.83,73.0,68,40,6.93
17,Ushuaia,AR,2020-08-18 17:04:45,-54.8,-68.3,35.6,87,75,16.11
18,Tuktoyaktuk,CA,2020-08-18 17:04:45,69.45,-133.04,50.0,93,75,12.75
19,Faanui,PF,2020-08-18 17:04:45,-16.48,-151.75,77.72,80,74,16.91
20,Kadoma,JP,2020-08-18 17:04:46,34.73,135.58,82.99,30,99,5.17
21,Butaritari,KI,2020-08-18 17:04:46,3.07,172.79,82.06,75,38,7.94
22,Hithadhoo,MV,2020-08-18 17:04:46,-0.6,73.08,84.09,75,6,9.93
23,Portland,US,2020-08-18 17:04:46,45.52,-122.68,71.01,68,20,5.82
24,Esperance,AU,2020-08-18 17:04:47,-33.87,121.9,50.0,100,90,16.11
25,Kahului,US,2020-08-18 17:04:47,20.89,-156.47,78.8,61,90,10.29
26,Nikolskoye,RU,2020-08-18 17:04:47,59.7,30.79,68.0,40,0,4.47
27,Hilo,US,2020-08-18 17:04:47,19.73,-155.09,71.6,88,90,4.7
28,Bluff,NZ,2020-08-18 17:04:48,-46.6,168.33,47.08,70,100,12.68
29,Kiunga,PG,2020-08-18 17:04:48,-6.12,141.29,71.53,93,72,2.75
30,Victoria,HK,2020-08-18 17:04:48,22.29,114.16,79.0,93,100,24.0
31,Upernavik,GL,2020-08-18 17:04:49,72.79,-56.15,50.07,54,100,3.47
32,Hobart,AU,2020-08-18 17:04:49,-42.88,147.33,42.8,87,92,5.82
33,Ribeira Grande,PT,2020-08-18 17:04:49,38.52,-28.7,77.0,88,75,24.16
34,Sioux Lookout,CA,2020-08-18 17:04:49,50.1,-91.92,60.8,77,90,4.7
35,Turukhansk,RU,2020-08-18 17:04:49,65.82,87.98,59.5,57,0,12.59
36,Katsuura,JP,2020-08-18 17:04:50,35.13,140.3,82.0,86,59,1.99
37,Ilulissat,GL,2020-08-18 17:04:50,69.22,-51.1,53.6,46,20,4.7
38,Saint-Philippe,RE,2020-08-18 17:04:50,-21.36,55.77,71.6,73,40,4.7
39,Bethel,US,2020-08-18 17:02:56,41.37,-73.41,80.01,53,1,9.17
40,Severo-Kurilsk,RU,2020-08-18 17:04:51,50.68,156.12,50.09,92,65,12.03
41,Mahebourg,MU,2020-08-18 17:04:51,-20.41,57.7,71.6,78,75,18.34
42,Kloulklubed,PW,2020-08-18 17:04:51,7.04,134.26,82.29,79,99,15.37
43,Anqing,CN,2020-08-18 17:04:51,30.51,117.05,85.44,68,0,1.74
44,Yanji,CN,2020-08-18 17:04:51,42.91,129.51,73.0,89,0,2.91
45,Flinders,AU,2020-08-18 17:03:17,-34.58,150.86,59.0,77,11,1.01
46,Ribas Do Rio Pardo,BR,2020-08-18 17:04:52,-20.44,-53.76,97.25,24,5,11.52
47,Dikson,RU,2020-08-18 17:04:52,73.51,80.55,52.36,72,0,4.29
48,Amapa,BR,2020-08-18 17:04:52,1.0,-52.0,96.04,34,39,5.88
49,Cherskiy,RU,2020-08-18 17:04:53,68.75,161.3,39.69,89,98,8.57
50,Kaitangata,NZ,2020-08-18 17:04:53,-46.28,169.85,48.0,65,100,2.93
51,Olindina,BR,2020-08-18 17:04:53,-11.37,-38.33,85.89,40,43,13.71
52,Marawi,PH,2020-08-18 17:04:53,8.0,124.29,73.0,95,100,5.01
53,Albany,US,2020-08-18 17:01:39,42.6,-73.97,77.0,41,0,1.99
54,Torbay,CA,2020-08-18 17:04:54,47.67,-52.73,62.01,87,90,18.34
55,Jacqueville,CI,2020-08-18 17:04:54,5.21,-4.41,78.8,83,20,10.29
56,Walvis Bay,NA,2020-08-18 17:04:54,-22.96,14.51,71.6,35,0,16.11
57,Brae,GB,2020-08-18 17:04:55,60.4,-1.35,60.8,93,90,5.82
58,Qaanaaq,GL,2020-08-18 17:04:55,77.48,-69.36,42.85,76,100,10.69
59,Maceio,BR,2020-08-18 17:04:12,-9.67,-35.74,82.4,65,40,13.87
60,Cidreira,BR,2020-08-18 17:04:55,-30.18,-50.21,66.0,85,30,13.89
61,Effingham,US,2020-08-18 17:04:56,32.37,-81.33,93.0,55,75,3.36
62,Pevek,RU,2020-08-18 17:04:57,69.7,170.31,39.6,85,100,13.18
63,Hwange,ZW,2020-08-18 17:04:57,-18.37,26.5,73.8,29,0,3.51
64,Udachnyy,RU,2020-08-18 17:04:57,66.42,112.4,53.6,46,100,4.47
65,San Patricio,MX,2020-08-18 17:04:57,19.22,-104.7,77.0,100,90,5.82
66,Salym,RU,2020-08-18 17:04:58,60.06,71.48,55.29,95,100,4.61
67,Berlevag,NO,2020-08-18 17:03:05,70.86,29.09,53.6,66,75,18.34
68,Khatanga,RU,2020-08-18 17:04:58,71.97,102.5,52.47,72,55,13.71
69,Atuona,PF,2020-08-18 17:04:59,-9.8,-139.03,78.82,76,6,22.37
70,Katoro,TZ,2020-08-18 17:04:59,-3.02,31.9,69.71,63,45,5.14
71,Salalah,OM,2020-08-18 17:04:59,17.02,54.09,77.0,100,90,2.24
72,Mehamn,NO,2020-08-18 17:04:59,71.04,27.85,51.8,81,75,14.99
73,Soyo,AO,2020-08-18 17:05:00,-6.13,12.37,72.59,81,28,10.67
74,Dakoro,NE,2020-08-18 17:05:00,14.51,6.76,94.84,36,54,8.9
75,Tasiilaq,GL,2020-08-18 17:05:01,65.61,-37.64,50.0,61,75,5.82
76,Barahona,DO,2020-08-18 17:05:01,18.21,-71.1,91.4,66,20,11.41
77,Kawalu,ID,2020-08-18 17:05:01,-7.38,108.21,71.76,91,93,1.88
78,Laranjeiras Do Sul,BR,2020-08-18 17:05:01,-25.41,-52.42,62.96,100,100,7.72
79,Inuvik,CA,2020-08-18 17:05:02,68.35,-133.72,53.6,71,20,8.05
80,Kavieng,PG,2020-08-18 17:05:03,-2.57,150.8,81.19,79,0,4.5
81,Chicama,PE,2020-08-18 17:05:03,-7.84,-79.15,71.04,52,27,11.18
82,Lethem,GY,2020-08-18 17:05:04,3.38,-59.8,88.86,61,98,6.26
83,Iqaluit,CA,2020-08-18 17:02:39,63.75,-68.51,46.4,81,75,17.22
84,Norman Wells,CA,2020-08-18 17:05:04,65.28,-126.83,53.6,81,75,4.7
85,Coria,ES,2020-08-18 17:05:04,39.99,-6.54,89.01,32,76,8.99
86,Madimba,TZ,2020-08-18 17:05:04,-10.4,40.33,77.0,73,75,7.87
87,Port Alfred,ZA,2020-08-18 17:05:05,-33.59,26.89,53.26,67,100,36.42
88,Port Macquarie,AU,2020-08-18 17:02:51,-31.43,152.92,45.0,97,0,4.97
89,Faya,SA,2020-08-18 17:05:05,18.39,42.45,77.0,60,40,9.17
90,Sitka,US,2020-08-18 17:05:06,57.05,-135.33,53.6,93,20,1.36
91,Belmonte,BR,2020-08-18 17:05:06,-15.86,-38.88,73.4,78,90,9.17
92,Ust-Ishim,RU,2020-08-18 17:05:06,57.69,71.17,53.4,96,87,3.78
93,Bubaque,GW,2020-08-18 17:05:06,11.28,-15.83,81.16,85,82,18.48
94,Puerto Ayora,EC,2020-08-18 17:05:07,-0.74,-90.35,75.2,69,40,18.34
95,Hermanus,ZA,2020-08-18 17:05:07,-34.42,19.23,50.0,80,94,1.99
96,Laguna,US,2020-08-18 17:05:08,38.42,-121.42,90.0,51,1,3.36
97,Namibe,AO,2020-08-18 17:05:08,-15.2,12.15,64.67,71,9,12.55
98,Cape Town,ZA,2020-08-18 17:02:50,-33.93,18.42,55.99,58,20,13.87
99,Karratha,AU,2020-08-18 17:05:08,-20.74,116.85,67.01,33,0,9.04
100,Qandala,SO,2020-08-18 17:05:08,11.47,49.87,91.42,48,46,5.32
101,Chernyshevskiy,RU,2020-08-18 17:05:09,63.01,112.47,52.23,57,52,3.87
102,Arraial Do Cabo,BR,2020-08-18 17:05:09,-22.97,-42.03,84.2,78,40,14.99
103,Ayia Galini,GR,2020-08-18 17:05:09,35.1,24.68,81.0,65,0,11.41
104,Coquimbo,CL,2020-08-18 17:05:09,-29.95,-71.34,55.4,62,75,6.93
105,Pangnirtung,CA,2020-08-18 17:05:10,66.15,-65.71,48.2,87,75,3.36
106,Raahe,FI,2020-08-18 17:05:10,64.68,24.48,60.8,48,40,4.7
107,Kruisfontein,ZA,2020-08-18 17:05:10,-34.0,24.73,48.0,83,59,10.0
108,Anadyr,RU,2020-08-18 17:05:10,64.75,177.48,41.0,100,40,2.24
109,Ponta Delgada,PT,2020-08-18 17:05:10,37.73,-25.67,75.2,88,75,19.46
110,Vila Franca Do Campo,PT,2020-08-18 17:05:11,37.72,-25.43,75.2,88,75,19.46
111,Vega De Alatorre,MX,2020-08-18 17:05:11,20.03,-96.63,86.63,60,31,7.65
112,Wattegama,LK,2020-08-18 17:05:12,6.8,81.48,79.21,71,39,3.67
113,Phonhong,LA,2020-08-18 17:05:12,18.5,102.42,73.09,95,100,2.13
114,Tiksi,RU,2020-08-18 17:05:13,71.69,128.87,39.25,91,100,12.37
115,South Jordan,US,2020-08-18 17:00:42,40.56,-111.93,89.01,27,1,0.89
116,Ostrovnoy,RU,2020-08-18 17:05:13,68.05,39.51,47.25,75,32,2.86
117,Umm Lajj,SA,2020-08-18 17:00:59,25.02,37.27,87.6,64,0,5.64
118,Okha,RU,2020-08-18 17:05:14,53.57,142.95,53.85,97,100,14.74
119,Hofn,IS,2020-08-18 17:03:05,64.25,-15.21,51.69,88,20,11.14
120,Sorbhog,IN,2020-08-18 17:05:14,26.5,90.87,81.5,85,1,5.48
121,Georgetown,MY,2020-08-18 17:03:15,5.41,100.34,82.4,88,20,2.57
122,Atakpame,TG,2020-08-18 17:05:14,7.53,1.13,82.31,71,55,5.21
123,Bayir,TR,2020-08-18 17:05:15,37.27,28.22,84.2,51,0,2.24
124,Nanortalik,GL,2020-08-18 17:05:15,60.14,-45.24,51.93,66,5,3.31
125,Bredasdorp,ZA,2020-08-18 17:05:15,-34.53,20.04,53.6,62,97,6.93
126,Bulgan,MN,2020-08-18 17:05:15,48.81,103.53,49.57,79,37,1.68
127,Bereda,ES,2020-08-18 17:05:15,43.27,-7.54,78.01,69,97,11.01
128,Poum,NC,2020-08-18 17:05:16,-20.23,164.02,69.21,67,43,13.85
129,Along,IN,2020-08-18 17:05:16,28.17,94.77,73.54,88,19,1.43
130,Kapaa,US,2020-08-18 17:01:22,22.08,-159.32,78.8,74,1,10.29
131,Glendive,US,2020-08-18 17:00:57,47.11,-104.71,80.6,36,1,4.7
132,Sovetskaya Gavan,RU,2020-08-18 17:05:16,48.97,140.29,60.3,93,100,5.99
133,Alvaraes,BR,2020-08-18 17:05:17,-3.22,-64.8,87.8,70,40,3.36
134,Kyzyl-Suu,KG,2020-08-18 17:05:17,42.34,78.0,57.38,72,98,2.75
135,Chapais,CA,2020-08-18 17:05:17,49.78,-74.85,55.4,87,90,10.29
136,Ponta Do Sol,PT,2020-08-18 17:05:18,32.67,-17.1,75.99,67,2,3.94
137,Yellowknife,CA,2020-08-18 17:00:55,62.46,-114.35,57.2,93,90,8.05
138,Souillac,MU,2020-08-18 17:01:04,-20.52,57.52,71.6,78,75,18.34
139,Tinos,GR,2020-08-18 17:05:18,37.54,25.16,80.6,51,0,14.99
140,Tautira,PF,2020-08-18 17:05:19,-17.73,-149.15,73.4,83,20,3.36
141,Fortuna,US,2020-08-18 17:05:19,40.6,-124.16,63.0,85,100,1.01
142,Maridi,SS,2020-08-18 17:05:19,4.92,29.47,70.57,94,100,3.62
143,Lavrentiya,RU,2020-08-18 17:05:20,65.58,-171.0,46.49,83,98,7.34
144,Bengkulu,ID,2020-08-18 17:05:20,-3.8,102.27,76.8,85,37,4.27
145,Hovd,MN,2020-08-18 17:05:20,48.01,91.64,64.85,55,7,2.68
146,Rio Grande,BR,2020-08-18 17:05:10,-32.03,-52.1,66.2,72,40,5.82
147,Dobson,US,2020-08-18 17:05:21,36.4,-80.72,84.0,61,1,2.37
148,Strathmore,CA,2020-08-18 17:05:21,51.05,-113.39,84.0,36,20,5.82
149,Nichinan,JP,2020-08-18 17:05:21,31.6,131.37,82.0,78,10,1.01
150,Homer,US,2020-08-18 17:05:22,59.64,-151.55,57.0,87,40,4.7
151,Tommot,RU,2020-08-18 17:05:22,58.96,126.29,44.24,85,95,3.51
152,Kabelvag,NO,2020-08-18 17:05:22,68.21,14.48,53.6,76,40,9.17
153,Clavier,BE,2020-08-18 17:05:22,50.4,5.35,73.0,64,20,6.93
154,Tavricheskoye,RU,2020-08-18 17:05:23,54.59,73.64,55.4,82,40,8.95
155,Shingu,JP,2020-08-18 17:05:23,33.73,135.98,77.67,81,99,4.5
156,Landerneau,FR,2020-08-18 17:05:23,48.45,-4.25,73.4,64,40,13.87
157,Erzin,TR,2020-08-18 17:05:23,36.96,36.2,82.99,79,6,5.99
158,Pecanha,BR,2020-08-18 17:05:23,-18.55,-42.56,73.51,62,93,7.49
159,Mattru,SL,2020-08-18 17:05:24,7.62,-11.83,77.83,90,57,6.38
160,Thompson,CA,2020-08-18 17:04:00,55.74,-97.86,64.4,68,75,3.36
161,Saint Anthony,US,2020-08-18 17:05:24,45.02,-93.22,75.99,49,1,4.16
162,Alta Floresta,BR,2020-08-18 17:05:25,-9.88,-56.09,107.55,10,24,4.32
163,Pasighat,IN,2020-08-18 17:05:25,28.07,95.33,76.5,85,23,3.94
164,Moosomin,CA,2020-08-18 17:05:25,50.13,-101.67,81.01,41,6,5.06
165,Airai,TL,2020-08-18 17:05:25,-8.93,125.41,54.9,86,3,2.17
166,Lasa,IT,2020-08-18 17:05:26,46.62,10.7,71.01,48,40,4.7
167,Saint-Georges,GD,2020-08-18 17:05:26,12.06,-61.75,84.2,83,75,23.04
168,Grafton,US,2020-08-18 17:05:26,42.21,-71.69,84.0,50,1,14.99
169,Goderich,CA,2020-08-18 17:00:50,43.75,-81.72,68.0,80,0,11.01
170,Barabinsk,RU,2020-08-18 17:05:27,55.36,78.36,56.71,79,51,8.99
171,Avarua,CK,2020-08-18 17:05:27,-21.21,-159.78,71.6,78,92,12.75
172,Ginda,IN,2020-08-18 17:05:27,30.69,78.49,67.77,90,32,0.56
173,Antofagasta,CL,2020-08-18 17:00:38,-23.65,-70.4,60.8,55,20,10.29
174,Narsaq,GL,2020-08-18 17:05:28,60.92,-46.05,66.2,42,20,4.7
175,Sao Benedito Do Rio Preto,BR,2020-08-18 17:05:28,-3.33,-43.53,97.7,27,39,4.65
176,Bavtugay,RU,2020-08-18 17:05:28,43.16,46.83,71.15,44,2,7.02
177,East London,ZA,2020-08-18 17:03:38,-33.02,27.91,55.06,56,38,34.99
178,Natal,BR,2020-08-18 17:04:23,-5.79,-35.21,84.2,62,40,8.05
179,Dalvik,IS,2020-08-18 17:05:29,65.97,-18.53,53.6,76,90,17.22
180,Vila,PT,2020-08-18 17:05:29,42.03,-8.16,73.0,73,100,11.99
181,Igrim,RU,2020-08-18 17:05:29,63.19,64.42,53.28,97,79,6.24
182,Abapo,BO,2020-08-18 17:05:30,-18.83,-63.47,90.18,33,59,8.12
183,Novaya Bryan,RU,2020-08-18 17:05:30,51.72,108.27,55.4,66,66,4.47
184,Saldanha,ZA,2020-08-18 17:05:30,-33.01,17.94,55.4,54,71,8.05
185,Muli,MV,2020-08-18 17:05:30,2.92,73.57,83.14,65,39,2.71
186,Yerbogachen,RU,2020-08-18 17:05:31,61.28,108.01,50.63,59,0,3.44
187,Dunedin,NZ,2020-08-18 17:05:32,-45.87,170.5,46.99,68,100,1.99
188,Suntar,RU,2020-08-18 17:05:32,62.14,117.63,49.46,70,0,3.94
189,Suraabad,AZ,2020-08-18 17:05:33,40.82,49.47,73.4,60,0,6.93
190,Port Elizabeth,ZA,2020-08-18 17:05:33,-33.92,25.57,48.2,87,90,29.97
191,Hasaki,JP,2020-08-18 17:01:49,35.73,140.83,77.0,94,75,5.82
192,Krasnoselkup,RU,2020-08-18 17:05:33,65.7,82.47,58.71,64,84,10.27
193,Vero Beach,US,2020-08-18 17:05:33,27.64,-80.4,91.4,49,1,4.7
194,Codrington,AU,2020-08-18 17:05:34,-38.27,141.97,46.54,94,100,11.81
195,Benghazi,LY,2020-08-18 17:05:35,32.12,20.07,83.14,67,0,8.03
196,Dingle,PH,2020-08-18 17:05:35,11.0,122.67,75.85,90,98,3.2
197,Gillette,US,2020-08-18 17:05:29,44.29,-105.5,86.0,20,1,11.41
198,Atherton,GB,2020-08-18 17:05:36,53.52,-2.49,73.99,60,93,1.99
199,Sakata,JP,2020-08-18 17:02:14,38.92,139.85,71.74,83,96,3.51
200,Yalta,UA,2020-08-18 17:05:37,44.5,34.17,73.17,54,0,4.34
201,Midland,US,2020-08-18 17:04:28,32.0,-102.08,87.8,31,1,5.82
202,Kieta,PG,2020-08-18 17:05:37,-6.22,155.63,78.76,79,89,3.04
203,Fort Saint James,CA,2020-08-18 17:05:38,54.43,-124.25,59.4,84,100,5.82
204,Quzhou,CN,2020-08-18 17:05:38,28.96,118.87,78.62,82,8,3.6
205,Imeni Poliny Osipenko,RU,2020-08-18 17:05:38,52.42,136.49,50.38,94,84,8.34
206,Cabo San Lucas,MX,2020-08-18 17:03:47,22.89,-109.91,86.0,70,40,5.82
207,San Cristobal,VE,2020-08-18 17:05:39,7.77,-72.22,80.6,83,75,4.7
208,Natchez,US,2020-08-18 17:03:01,31.56,-91.4,86.0,58,1,4.27
209,Baruun-Urt,MN,2020-08-18 17:05:39,46.68,113.28,48.63,80,40,6.55
210,Mirnyy,RU,2020-08-18 17:05:40,62.54,113.96,51.8,66,0,4.47
211,Derzhavinsk,KZ,2020-08-18 17:05:40,51.1,66.32,59.56,65,56,8.7
212,Geraldton,AU,2020-08-18 17:05:40,-28.77,114.6,48.2,93,98,8.05
213,Port Moresby,PG,2020-08-18 17:05:41,-9.44,147.18,68.0,94,40,3.36
214,Ust-Maya,RU,2020-08-18 17:05:41,60.42,134.53,45.36,87,74,1.63
215,La Carlota,PH,2020-08-18 17:05:42,10.42,122.92,76.98,87,100,6.42
216,Vao,NC,2020-08-18 17:05:42,-22.67,167.48,68.72,63,76,12.44
217,Podgorica,ME,2020-08-18 17:05:42,42.44,19.26,80.6,54,75,3.36
218,Marystown,CA,2020-08-18 17:05:43,47.17,-55.15,63.0,100,100,7.0
219,Quatre Cocos,MU,2020-08-18 17:05:43,-20.21,57.76,72.0,78,75,18.34
220,Paramonga,PE,2020-08-18 17:05:43,-10.67,-77.83,65.48,67,32,12.26
221,Fort Nelson,CA,2020-08-18 17:00:55,58.81,-122.7,57.2,93,90,3.36
222,Komatipoort,ZA,2020-08-18 17:02:06,-25.43,31.95,75.81,40,0,5.77
223,Yar-Sale,RU,2020-08-18 17:05:44,66.83,70.83,54.03,76,72,12.73
224,Buin,CL,2020-08-18 17:05:44,-33.73,-70.75,51.8,57,75,4.7
225,Isangel,VU,2020-08-18 17:05:44,-19.55,169.27,69.13,79,82,8.86
226,Saint George,US,2020-08-18 17:05:45,37.1,-113.58,93.99,12,1,4.7
227,Ibra,OM,2020-08-18 17:05:45,22.69,58.53,92.84,43,98,8.77
228,Herat,AF,2020-08-18 17:05:45,34.5,62.0,80.6,21,0,18.34
229,Birjand,IR,2020-08-18 17:04:27,32.87,59.22,78.8,27,0,13.87
230,Yumen,CN,2020-08-18 17:05:46,40.28,97.2,69.8,21,0,13.11
231,Port Hedland,AU,2020-08-18 17:05:46,-20.32,118.57,59.0,72,0,9.17
232,Chokurdakh,RU,2020-08-18 17:05:47,70.63,147.92,34.95,88,95,5.97
233,Sola,VU,2020-08-18 17:05:47,-13.88,167.55,78.84,87,100,8.3
234,Bay Roberts,CA,2020-08-18 17:05:47,47.6,-53.26,64.0,66,90,13.38
235,Yulara,AU,2020-08-18 17:05:48,-25.24,130.99,46.4,45,0,3.36
236,Hamilton,US,2020-08-18 17:05:48,39.18,-84.53,66.2,88,90,6.93
237,Aswan,EG,2020-08-18 17:05:48,24.09,32.91,100.2,14,4,11.72
238,Kalemie,CD,2020-08-18 17:05:49,-5.95,29.19,74.28,53,29,0.38
239,Chimbote,PE,2020-08-18 17:05:49,-9.09,-78.58,65.95,66,66,13.13
240,Fereydun Kenar,IR,2020-08-18 17:05:49,36.69,52.52,75.2,83,75,6.93
241,Carman,CA,2020-08-18 17:05:50,49.5,-98.0,82.99,57,20,12.75
242,Jumla,NP,2020-08-18 17:03:03,29.27,82.18,65.98,72,58,1.95
243,Calvinia,ZA,2020-08-18 17:05:50,-31.47,19.78,40.44,70,47,6.91
244,Comodoro Rivadavia,AR,2020-08-18 17:01:29,-45.87,-67.5,42.8,33,40,20.8
245,Wetzlar,DE,2020-08-18 17:05:51,50.55,8.5,75.0,52,64,5.23
246,Ozinki,RU,2020-08-18 17:05:51,51.18,49.68,60.13,51,0,6.85
247,Houma,US,2020-08-18 17:05:51,29.6,-90.72,90.0,50,28,4.0
248,Yurgamysh,RU,2020-08-18 17:05:52,55.37,64.47,52.38,94,52,12.24
249,Bambous Virieux,MU,2020-08-18 17:05:52,-20.34,57.76,72.0,78,75,18.34
250,Talara,PE,2020-08-18 17:05:53,-4.58,-81.27,69.8,68,100,20.8
251,Manta,EC,2020-08-18 17:03:08,-0.95,-80.73,77.0,78,40,8.05
252,Tome,CL,2020-08-18 17:05:53,-36.62,-72.95,53.6,58,20,13.87
253,Provideniya,RU,2020-08-18 17:05:22,64.38,-173.3,49.41,78,98,8.16
254,Virginia Beach,US,2020-08-18 17:00:59,36.85,-75.98,87.01,58,75,4.7
255,Araouane,ML,2020-08-18 17:05:54,18.9,-3.53,104.31,25,17,16.37
256,Dudinka,RU,2020-08-18 17:05:55,69.41,86.18,60.8,55,45,8.95
257,Mayo,US,2020-08-18 17:05:55,38.89,-76.51,84.99,47,1,8.05
258,San Quintin,MX,2020-08-18 17:02:30,30.48,-115.95,82.44,53,0,4.61
259,Padang,ID,2020-08-18 17:04:13,-0.95,100.35,78.94,74,86,3.49
260,Nouakchott,MR,2020-08-18 17:05:41,18.09,-15.98,87.8,66,40,19.46
261,Tahta,EG,2020-08-18 17:05:56,26.77,31.5,96.8,20,0,14.99
262,Riachao,BR,2020-08-18 17:05:56,-7.36,-46.62,98.19,22,89,7.31
263,Numaran,MX,2020-08-18 17:05:57,20.25,-101.93,73.08,61,91,3.69
264,Komsomolskiy,UZ,2020-08-18 17:01:35,40.43,71.72,69.8,60,97,4.7
265,Evensk,RU,2020-08-18 17:05:12,61.95,159.23,52.07,61,100,5.19
266,Omsukchan,RU,2020-08-18 17:05:57,62.53,155.8,42.42,83,100,5.28
267,Bodden Town,KY,2020-08-18 17:05:57,19.28,-81.25,89.01,74,40,2.24
268,Meulaboh,ID,2020-08-18 17:05:58,4.14,96.13,79.23,81,98,3.38
269,Touros,BR,2020-08-18 17:05:58,-5.2,-35.46,84.2,62,40,11.41
270,Byron Bay,AU,2020-08-18 17:05:58,-28.65,153.62,57.99,87,53,11.59
271,Olafsvik,IS,2020-08-18 17:05:59,64.89,-23.71,56.43,79,0,12.06
272,Asau,RO,2020-08-18 17:05:59,46.43,26.4,73.0,59,75,1.83
273,Acapulco,MX,2020-08-18 17:04:42,16.86,-99.89,84.2,79,20,6.93
274,Kidal,ML,2020-08-18 17:05:59,18.44,1.41,106.07,9,0,6.49
275,Talnakh,RU,2020-08-18 17:05:25,69.49,88.4,60.8,55,9,8.95
276,Virden,US,2020-08-18 17:01:05,39.5,-89.77,78.01,70,0,1.99
277,Kaeo,NZ,2020-08-18 17:06:00,-35.1,173.78,59.27,92,100,13.13
278,Leh,IN,2020-08-18 17:06:00,34.17,77.58,70.95,23,19,3.65
279,Ous,RU,2020-08-18 17:06:00,60.91,61.52,52.16,91,74,3.74
280,Sarangani,PH,2020-08-18 17:06:01,5.4,125.46,83.3,75,100,10.89
281,Mujiayingzi,CN,2020-08-18 17:06:01,42.12,118.78,59.65,87,99,3.94
282,Giehun,SL,2020-08-18 17:06:01,7.88,-11.05,78.82,90,60,4.94
283,Amahai,ID,2020-08-18 17:06:02,-3.33,128.92,75.52,83,58,4.12
284,Palmer,US,2020-08-18 17:06:02,42.16,-72.33,81.0,47,40,10.29
285,Tura,IN,2020-08-18 17:06:03,25.52,90.22,75.92,94,35,6.82
286,Palana,RU,2020-08-18 17:06:03,59.12,159.97,50.45,92,100,1.97
287,Marsh Harbour,BS,2020-08-18 17:05:15,26.54,-77.06,85.62,63,6,7.07
288,Ust-Nera,RU,2020-08-18 17:06:03,64.57,143.2,40.14,75,16,2.44
289,Sibolga,ID,2020-08-18 17:06:04,1.74,98.78,78.15,81,74,2.62
290,Ozernovskiy,RU,2020-08-18 17:06:04,51.5,156.52,52.2,82,41,7.76
291,Richards Bay,ZA,2020-08-18 17:06:04,-28.78,32.04,62.65,50,88,10.04
292,Rio Cuarto,AR,2020-08-18 17:03:15,-33.13,-64.35,62.6,18,0,21.92
293,Zhigansk,RU,2020-08-18 17:06:05,66.77,123.37,50.83,89,95,12.55
294,Collie,AU,2020-08-18 17:06:05,-33.37,116.15,45.0,72,60,3.22
295,Mountain Home,US,2020-08-18 17:06:05,43.13,-115.69,82.4,32,20,9.17
296,Klaksvik,FO,2020-08-18 17:06:05,62.23,-6.59,53.6,81,97,9.17
297,Nador,MA,2020-08-18 17:06:06,35.17,-2.93,89.6,31,0,6.93
298,Urucui,BR,2020-08-18 17:06:06,-7.23,-44.56,101.35,19,93,7.18
299,Prince Rupert,CA,2020-08-18 17:03:04,54.32,-130.32,55.4,100,90,4.7
300,Bilma,NE,2020-08-18 17:04:34,18.69,12.92,103.64,13,69,5.66
301,Tigzirt,DZ,2020-08-18 17:06:07,36.89,4.12,83.86,41,7,8.68
302,Lebu,CL,2020-08-18 17:06:07,-37.62,-73.65,49.41,65,78,10.45
303,College,US,2020-08-18 17:06:08,64.86,-147.8,55.0,76,20,6.93
304,Mildura,AU,2020-08-18 17:06:08,-34.2,142.15,57.2,41,90,12.75
305,Eureka,US,2020-08-18 17:06:08,40.8,-124.16,60.01,100,100,8.12
306,Adrar,MR,2020-08-18 17:04:19,20.5,-10.07,110.5,9,0,11.92
307,Mar Del Plata,AR,2020-08-18 17:06:09,-38.0,-57.56,55.99,50,94,5.82
308,Berezovyy,RU,2020-08-18 17:04:17,51.67,135.7,49.23,90,84,1.59
309,Truckee,US,2020-08-18 17:05:54,39.33,-120.18,78.01,39,41,1.99
310,Jaypur,IN,2020-08-18 17:06:10,18.85,82.58,72.45,92,100,8.55
311,La Asuncion,VE,2020-08-18 17:06:10,11.03,-63.86,84.2,74,96,12.75
312,Balkhash,KZ,2020-08-18 17:06:11,46.84,74.98,71.19,38,21,11.63
313,Boli,CN,2020-08-18 17:06:11,45.77,130.52,66.09,92,30,2.64
314,Praya,CV,2020-08-18 17:06:11,14.92,-23.51,84.2,79,40,9.17
315,Berezovka,BY,2020-08-18 17:06:12,53.72,25.5,68.22,85,100,7.67
316,General Roca,AR,2020-08-18 17:06:12,-39.03,-67.58,53.6,32,75,19.46
317,Estelle,US,2020-08-18 17:06:12,29.85,-90.11,91.99,59,1,5.23
318,Paamiut,GL,2020-08-18 17:06:13,61.99,-49.67,49.01,68,0,5.5
319,Alofi,NU,2020-08-18 17:01:16,-19.06,-169.92,75.2,83,49,11.41
320,Loiza,PR,2020-08-18 17:06:13,18.43,-65.88,90.0,66,20,20.8
321,Batagay,RU,2020-08-18 17:06:14,67.63,134.63,49.51,66,96,1.9
322,Goure,NE,2020-08-18 17:06:14,13.98,10.27,91.0,48,93,5.99
323,North Myrtle Beach,US,2020-08-18 17:04:03,33.82,-78.68,88.0,66,1,4.7
324,Melfi,IT,2020-08-18 17:06:15,41.0,15.65,87.8,48,40,12.75
325,Tiarei,PF,2020-08-18 17:06:15,-17.53,-149.33,73.4,83,20,3.36
326,Lompoc,US,2020-08-18 17:06:15,34.64,-120.46,73.4,73,1,3.36
327,Castro,BR,2020-08-18 17:06:16,-24.79,-50.01,58.78,97,100,3.31
328,Chapada Dos Guimaraes,BR,2020-08-18 17:06:16,-15.46,-55.75,100.4,16,1,12.75
329,Jalu,LY,2020-08-18 17:06:17,29.03,21.55,94.77,20,0,8.19
330,Baykit,RU,2020-08-18 17:06:17,61.67,96.37,55.08,62,49,3.83
331,Monroe,US,2020-08-18 17:06:17,43.15,-77.68,75.0,63,0,3.0
332,Port Lincoln,AU,2020-08-18 17:06:18,-34.73,135.87,54.57,70,87,31.25
333,Buala,SB,2020-08-18 17:06:18,-8.14,159.59,79.88,78,98,2.42
334,Cholet,FR,2020-08-18 17:06:18,47.17,-1.0,77.0,73,90,13.87
335,Barranca,PE,2020-08-18 17:06:19,-10.75,-77.77,64.9,68,24,12.35
336,Sao Filipe,CV,2020-08-18 17:06:19,14.9,-24.5,80.11,82,43,3.87
337,Bulaevo,KZ,2020-08-18 17:06:19,54.91,70.44,55.04,87,80,7.9
338,Malitbog,PH,2020-08-18 17:06:19,8.53,124.88,73.0,95,100,5.01
339,Odweyne,SO,2020-08-18 17:06:20,9.41,45.06,82.4,42,18,15.61
340,Shiogama,JP,2020-08-18 17:06:20,38.32,141.03,72.9,81,86,2.37
341,Beaverlodge,CA,2020-08-18 17:06:20,55.22,-119.44,64.4,82,75,2.24
342,Dwarka,IN,2020-08-18 17:06:20,22.24,68.97,82.92,84,100,17.72
343,Vokhtoga,RU,2020-08-18 17:06:21,58.81,41.05,53.4,78,51,5.59
344,Dubbo,AU,2020-08-18 17:06:22,-32.25,148.62,41.0,93,40,2.24
345,General Bravo,MX,2020-08-18 17:06:22,25.8,-99.17,91.24,43,75,2.04
346,Kurilsk,RU,2020-08-18 17:06:22,45.23,147.88,54.25,89,93,7.58
347,Manukan,PH,2020-08-18 17:06:22,8.53,123.1,78.48,83,100,5.55
348,Hokitika,NZ,2020-08-18 17:06:22,-42.72,170.97,50.72,82,100,11.65
349,Yurga,RU,2020-08-18 17:06:23,55.72,84.89,61.11,96,82,14.0
350,Rosetta,EG,2020-08-18 17:06:23,31.4,30.42,84.2,54,20,17.22
351,Manyoni,TZ,2020-08-18 17:06:23,-5.75,34.84,70.93,39,100,6.73
352,Caravelas,BR,2020-08-18 17:06:23,-17.71,-39.25,79.72,66,21,10.27
353,Vimercate,IT,2020-08-18 17:02:05,45.61,9.37,87.01,45,0,4.7
354,Pangai,TO,2020-08-18 17:06:24,-19.8,-174.35,77.27,85,97,23.67
355,Egvekinot,RU,2020-08-18 17:06:24,66.32,-179.17,42.19,86,19,2.64
356,Nanakuli,US,2020-08-18 17:06:24,21.39,-158.15,75.0,78,1,4.7
357,Aketi,CD,2020-08-18 17:06:24,2.74,23.78,80.69,67,84,1.66
358,Honiara,SB,2020-08-18 17:06:25,-9.43,159.95,75.2,100,20,3.36
359,Avera,US,2020-08-18 17:06:25,33.19,-82.53,87.01,83,75,3.36
360,Limoeiro Do Ajuru,BR,2020-08-18 17:06:25,-1.9,-49.38,90.95,51,22,7.36
361,Kamaishi,JP,2020-08-18 17:06:25,39.27,141.88,70.57,86,100,4.16
362,Port Keats,AU,2020-08-18 17:06:26,-14.25,129.55,73.62,90,45,5.86
363,Round Lake Beach,US,2020-08-18 17:04:11,42.37,-88.09,75.0,60,75,9.17
364,Campo Maior,BR,2020-08-18 17:06:26,-4.83,-42.17,101.55,17,89,6.22
365,Tual,ID,2020-08-18 17:06:26,-5.67,132.75,78.33,82,87,13.94
366,Xining,CN,2020-08-18 17:06:27,36.62,101.77,51.58,73,40,3.22
367,Anse-Bertrand,GP,2020-08-18 17:06:27,16.47,-61.51,91.4,59,75,18.34
368,Coihaique,CL,2020-08-18 17:06:28,-45.58,-72.07,41.0,41,20,4.7
369,Marsa Matruh,EG,2020-08-18 17:05:57,31.35,27.25,80.6,69,0,5.82
370,Beringovskiy,RU,2020-08-18 17:06:28,63.05,179.32,48.07,63,9,13.13
371,Bira,RU,2020-08-18 17:04:15,49.0,132.47,53.85,94,11,3.87
372,Cayenne,GF,2020-08-18 17:06:29,4.93,-52.33,87.8,62,40,9.17
373,Fairbanks,US,2020-08-18 17:06:24,64.84,-147.72,55.0,76,1,3.36
374,Chekhov,RU,2020-08-18 17:06:29,55.14,37.47,64.4,48,6,6.71
375,Nancha,CN,2020-08-18 17:06:30,47.13,129.27,59.65,91,96,2.53
376,Shitanjing,CN,2020-08-18 17:06:30,39.23,106.34,64.0,60,0,11.43
377,Manicore,BR,2020-08-18 17:06:30,-5.81,-61.3,104.09,18,0,4.52
378,Umba,RU,2020-08-18 17:06:31,66.69,34.34,52.86,72,53,3.04
379,Inhambane,MZ,2020-08-18 17:06:31,-23.86,35.38,73.4,83,0,17.22
380,Clyde River,CA,2020-08-18 17:06:32,70.47,-68.59,59.0,62,75,13.87
381,Bandar-E Anzali,IR,2020-08-18 17:06:32,37.47,49.46,73.4,69,75,3.74
382,Taylor,US,2020-08-18 17:01:33,32.3,-99.83,89.6,35,1,4.7
383,Pereira Barreto,BR,2020-08-18 17:06:32,-20.64,-51.11,90.48,31,30,12.57
384,Villefranche-Sur-Saone,FR,2020-08-18 17:06:32,45.98,4.72,84.2,35,9,1.12
385,Waipawa,NZ,2020-08-18 17:06:33,-41.41,175.52,51.8,62,100,9.17
386,Bowen,AU,2020-08-18 17:06:33,-20.02,148.23,62.01,93,0,3.36
387,Keetmanshoop,NA,2020-08-18 17:06:33,-26.58,18.13,60.8,23,0,3.36
388,Tuatapere,NZ,2020-08-18 17:06:34,-46.13,167.68,43.74,82,100,6.67
389,Necochea,AR,2020-08-18 17:06:16,-38.55,-58.74,53.01,68,95,13.0
390,Le Vauclin,MQ,2020-08-18 17:06:34,14.55,-60.84,87.8,70,75,14.99
391,Kulhudhuffushi,MV,2020-08-18 17:06:34,6.62,73.07,82.62,72,12,6.91
392,Moose Factory,CA,2020-08-18 17:06:34,51.26,-80.61,53.6,100,90,9.17
393,Horasan,TR,2020-08-18 17:06:35,40.05,42.17,67.78,47,21,6.22
394,Hede,CN,2020-08-18 17:05:06,33.77,120.25,76.39,92,0,8.12
395,Halifax,CA,2020-08-18 17:06:23,44.65,-63.57,73.0,73,87,15.01
396,Tazovskiy,RU,2020-08-18 17:06:35,67.47,78.7,53.73,80,3,9.51
397,Medicine Hat,CA,2020-08-18 17:06:36,50.05,-110.67,80.01,50,20,9.17
398,Kavaratti,IN,2020-08-18 17:06:36,10.57,72.64,81.99,81,57,11.68
399,Lanzhou,CN,2020-08-18 17:06:36,36.06,103.79,66.99,62,6,2.84
400,Manadhoo,MV,2020-08-18 17:06:36,5.77,73.38,82.85,69,0,4.81
401,Havre-Saint-Pierre,CA,2020-08-18 17:06:37,50.23,-63.6,68.0,64,20,11.41
402,Nola,IT,2020-08-18 17:06:37,40.92,14.53,82.99,61,20,10.29
403,Saint-Pierre,RE,2020-08-18 17:06:37,-21.34,55.48,69.8,73,1,4.7
404,Vila Velha,BR,2020-08-18 17:02:22,-20.33,-40.29,81.0,74,40,14.99
405,Nemuro,JP,2020-08-18 17:06:38,43.32,145.57,60.85,92,72,11.99
406,North Bend,US,2020-08-18 17:03:38,43.41,-124.22,66.2,77,40,3.36
407,Chinhoyi,ZW,2020-08-18 17:06:38,-17.37,30.2,68.25,47,0,6.93
408,Arequipa,PE,2020-08-18 17:01:50,-16.4,-71.53,62.6,18,0,8.05
409,San Policarpo,PH,2020-08-18 17:06:39,12.18,125.51,78.17,86,79,8.39
410,Muana,BR,2020-08-18 17:06:39,-1.53,-49.22,93.78,43,25,8.1
411,Rocha,UY,2020-08-18 17:06:40,-34.48,-54.33,65.26,55,0,9.42
412,Dukat,RU,2020-08-18 17:06:40,62.55,155.55,40.66,86,100,4.23
413,Yarada,IN,2020-08-18 17:05:55,17.65,83.27,86.0,79,75,6.93
414,Aklavik,CA,2020-08-18 17:06:40,68.22,-135.01,53.6,71,20,9.17
415,Tehachapi,US,2020-08-18 17:04:01,35.13,-118.45,91.0,33,1,5.82
416,Northam,GB,2020-08-18 17:06:41,51.03,-4.22,70.0,86,0,5.01
417,Jiazi,CN,2020-08-18 17:06:42,22.88,116.07,80.44,86,86,12.5
418,Andenes,NO,2020-08-18 17:06:42,69.31,16.12,50.0,93,75,12.75
419,Los Llanos De Aridane,ES,2020-08-18 17:06:42,28.66,-17.92,78.8,65,20,14.99
420,Nome,US,2020-08-18 17:06:42,64.5,-165.41,51.01,87,20,3.74
421,Caronport,CA,2020-08-18 17:06:43,50.45,-105.82,77.0,50,40,3.38
422,Gejiu,CN,2020-08-18 17:06:43,23.31,103.16,58.15,100,100,1.99
423,Poitiers,FR,2020-08-18 17:06:15,46.58,0.33,80.6,44,6,16.11
424,Pemangkat,ID,2020-08-18 17:06:43,1.17,108.97,79.12,82,82,3.29
425,Ilhabela,BR,2020-08-18 17:06:44,-23.78,-45.36,73.04,77,100,1.74
426,Sabzevar,IR,2020-08-18 17:06:44,36.21,57.68,74.71,27,0,15.08
427,Kardamaina,GR,2020-08-18 17:06:44,36.78,27.14,80.6,51,0,18.34
428,Salinopolis,BR,2020-08-18 17:06:44,-0.61,-47.36,84.51,67,25,14.56
429,San Vicente,AR,2020-08-18 17:06:44,-26.62,-54.13,64.96,100,95,4.18
430,Cabo Rojo,PR,2020-08-18 17:06:45,18.09,-67.15,91.99,63,32,5.01
431,Burgeo,CA,2020-08-18 17:06:45,47.62,-57.62,60.71,86,100,28.07
432,Ibotirama,BR,2020-08-18 17:06:45,-12.19,-43.22,94.23,22,0,7.99
433,Ambunti,PG,2020-08-18 17:06:46,-4.24,142.84,71.67,97,0,1.45
434,Manakara,MG,2020-08-18 17:06:46,-22.13,48.02,67.87,83,0,6.8
435,Deputatskiy,RU,2020-08-18 17:06:46,69.3,139.9,40.14,79,98,3.18
436,Wanning,CN,2020-08-18 17:06:46,18.8,110.4,79.65,83,89,3.83
437,Katobu,ID,2020-08-18 17:06:47,-4.94,122.53,70.7,89,36,2.66
438,Saint-Gaudens,FR,2020-08-18 17:06:47,43.08,0.67,80.6,47,75,2.24
439,Jos,NG,2020-08-18 17:06:47,9.92,8.9,69.19,93,94,2.89
440,Hare Bay,CA,2020-08-18 17:06:47,48.85,-54.01,64.4,72,75,18.34
441,La Ronge,CA,2020-08-18 17:02:23,55.1,-105.28,69.8,83,5,10.29
442,San Ramon De La Nueva Oran,AR,2020-08-18 17:03:05,-23.13,-64.33,82.99,34,39,3.0
443,Singen,DE,2020-08-18 17:02:47,47.76,8.84,69.01,89,87,1.01
444,Upington,ZA,2020-08-18 17:02:06,-28.45,21.26,51.8,32,0,9.17
445,Okhotsk,RU,2020-08-18 17:06:49,59.38,143.3,52.47,88,100,5.53
446,Muleba,TZ,2020-08-18 17:06:49,-1.84,31.65,77.0,73,20,5.82
447,Lagoa,PT,2020-08-18 17:06:49,39.05,-27.98,74.34,90,76,23.73
448,Normandin,CA,2020-08-18 17:06:49,48.83,-72.53,59.0,93,90,5.82
449,Chuy,UY,2020-08-18 17:06:50,-33.7,-53.46,62.89,51,0,6.4
450,Craidorolt,RO,2020-08-18 17:06:50,47.62,22.7,79.0,61,73,3.36
451,Abashiri,JP,2020-08-18 17:06:50,44.02,144.27,70.0,74,94,3.0
452,Banda Aceh,ID,2020-08-18 17:06:50,5.56,95.32,80.42,78,28,6.76
453,Longyearbyen,SJ,2020-08-18 17:06:50,78.22,15.64,44.6,70,75,10.29
454,Olinda,BR,2020-08-18 17:06:10,-8.01,-34.86,82.4,65,75,12.75
455,Devonport,AU,2020-08-18 17:06:51,-41.17,146.35,46.0,89,97,3.78
456,Houston,US,2020-08-18 17:05:56,29.76,-95.36,93.0,40,1,3.36
457,Twentynine Palms,US,2020-08-18 17:06:51,34.14,-116.05,100.99,26,1,5.82
458,Bailieborough,IE,2020-08-18 17:06:52,53.92,-6.97,66.0,82,83,3.0
459,Sangar,RU,2020-08-18 17:06:52,63.92,127.47,46.78,65,60,5.91
460,Omboue,GA,2020-08-18 17:06:40,-1.57,9.26,76.41,83,88,10.71
461,Constitucion,CL,2020-08-18 17:04:04,-35.33,-72.42,52.7,68,91,4.18
462,Marshfield,US,2020-08-18 17:06:52,44.67,-90.17,71.6,49,1,8.05
463,Elko,US,2020-08-18 17:06:53,41.0,-115.5,88.0,28,31,1.01
464,Gweta,BW,2020-08-18 17:06:53,-20.18,25.23,69.73,20,0,12.75
465,Kuala Terengganu,MY,2020-08-18 17:05:39,5.33,103.14,77.0,88,40,8.05
466,Nikolayevsk-Na-Amure,RU,2020-08-18 17:06:54,53.14,140.73,55.24,94,100,4.74
467,Kajaani,FI,2020-08-18 17:06:55,64.23,27.73,62.6,55,20,2.24
468,Mecca,SA,2020-08-18 17:06:55,21.43,39.83,94.35,33,12,9.17
469,Sawtell,AU,2020-08-18 17:06:55,-30.38,153.1,62.01,55,26,12.75
470,Micheldorf,AT,2020-08-18 17:06:55,46.92,14.44,68.0,72,100,8.05
471,Rawah,IQ,2020-08-18 17:06:55,34.48,41.91,89.73,13,0,8.57
472,Sabha,LY,2020-08-18 17:06:56,27.04,14.43,100.08,12,0,7.99
473,Puqi,CN,2020-08-18 17:06:56,29.72,113.88,81.52,75,11,2.57
474,Russell,US,2020-08-18 17:06:56,32.35,-85.2,89.6,45,1,3.36
475,Liepaja,LV,2020-08-18 17:06:57,56.54,21.04,75.2,47,86,6.93
476,Betanzos,ES,2020-08-18 17:03:17,43.28,-8.21,75.2,69,40,18.34
477,Tucuman,AR,2020-08-18 17:02:20,-26.82,-65.22,73.4,31,0,11.41
478,Lakes Entrance,AU,2020-08-18 17:06:57,-37.88,147.98,44.01,85,57,7.52
479,Ankang,CN,2020-08-18 17:06:58,32.68,109.02,71.42,88,100,2.28
480,Opuwo,NA,2020-08-18 17:06:58,-18.06,13.84,69.28,16,0,9.48
481,Aquiraz,BR,2020-08-18 17:03:20,-3.9,-38.39,86.0,55,20,18.34
482,Ferme-Neuve,CA,2020-08-18 17:06:58,46.7,-75.45,59.11,82,55,9.64
483,Redcar,GB,2020-08-18 17:06:59,54.62,-1.06,68.0,73,98,5.01
484,Tambovka,RU,2020-08-18 17:06:59,50.1,128.05,46.4,93,20,2.24
485,Clonakilty,IE,2020-08-18 17:06:59,51.62,-8.87,66.2,72,40,12.75
486,Kirkkonummi,FI,2020-08-18 17:06:59,60.12,24.44,71.01,63,35,6.91
487,Seoul,KR,2020-08-18 17:07:00,37.57,126.98,77.0,94,1,2.48
488,Marshalltown,US,2020-08-18 17:07:00,42.05,-92.91,73.99,60,0,5.99
489,Constancia,MX,2020-08-18 17:07:00,24.22,-107.19,87.01,81,100,4.0
490,Humaita,BR,2020-08-18 17:07:00,-7.51,-63.02,104.47,19,0,4.45
491,Quelimane,MZ,2020-08-18 17:07:02,-17.88,36.89,75.2,83,7,5.82
492,Pisco,PE,2020-08-18 17:04:12,-13.7,-76.22,64.99,77,90,9.17
493,Fort-Shevchenko,KZ,2020-08-18 17:07:02,44.51,50.26,75.33,64,0,12.71
494,Rorvik,NO,2020-08-18 17:03:04,64.86,11.24,59.0,77,11,10.29
495,Teguise,ES,2020-08-18 17:07:02,29.06,-13.56,80.6,61,20,24.16
496,Kindu,CD,2020-08-18 17:07:03,-2.95,25.95,83.25,48,36,2.57
497,Cuamba,MZ,2020-08-18 17:07:03,-14.8,36.54,76.59,30,4,3.27
498,Labuhan,ID,2020-08-18 17:07:03,-6.88,112.21,78.21,77,40,7.07
499,Chumikan,RU,2020-08-18 17:07:03,54.72,135.31,50.11,92,100,9.01
500,La Rioja,ES,2020-08-18 17:07:04,42.25,-2.5,78.8,54,20,4.7
501,Galesong,ID,2020-08-18 17:07:04,-5.32,119.37,71.6,83,20,3.36
502,Billingham,GB,2020-08-18 17:03:18,54.61,-1.29,68.0,72,20,16.11
503,Iralaya,HN,2020-08-18 17:07:04,15.0,-83.23,87.8,74,40,7.94
504,Charlottetown,CA,2020-08-18 17:07:05,46.24,-63.13,68.0,82,90,13.87
505,Shamary,RU,2020-08-18 17:07:05,57.34,58.22,46.83,96,100,10.4
506,Ocala,US,2020-08-18 17:07:05,29.19,-82.14,90.0,62,75,6.93
507,Ardakan,IR,2020-08-18 17:07:05,32.31,54.02,95.0,20,20,6.93
508,San Luis,AR,2020-08-18 17:07:05,-33.3,-66.34,57.34,35,44,23.4
509,Tokonou,GN,2020-08-18 17:07:06,9.65,-9.78,81.59,82,54,0.65
510,Mahibadhoo,MV,2020-08-18 17:07:06,3.78,72.97,82.89,66,84,2.44
511,Dalbandin,PK,2020-08-18 17:05:18,28.89,64.41,98.6,10,23,8.48
512,Samarai,PG,2020-08-18 17:03:17,-10.62,150.67,73.58,68,1,7.05
513,Sinnamary,GF,2020-08-18 17:07:07,5.38,-52.95,84.94,67,75,11.41
514,Maniitsoq,GL,2020-08-18 17:06:12,65.42,-52.9,54.77,57,4,6.55
515,Villarrica,PY,2020-08-18 17:07:07,-25.75,-56.43,66.4,96,99,6.15
516,Bichura,RU,2020-08-18 17:07:07,50.59,107.6,52.12,67,39,3.31
517,Haines Junction,CA,2020-08-18 17:07:07,60.75,-137.51,47.26,78,58,0.07
518,Lakota,CI,2020-08-18 17:07:08,5.85,-5.69,80.35,68,88,4.34
519,Danjiangkou,CN,2020-08-18 17:07:08,32.54,111.51,76.5,87,99,3.49
520,Buluang,PH,2020-08-18 17:07:08,13.31,123.34,77.49,88,49,1.83
521,Kirkwall,GB,2020-08-18 17:07:09,58.98,-2.96,60.8,93,90,9.17
522,Pitimbu,BR,2020-08-18 17:03:03,-7.47,-34.81,80.6,74,75,18.34
523,Nantucket,US,2020-08-18 17:07:09,41.28,-70.1,75.2,64,1,12.75
524,Ypsonas,CY,2020-08-18 17:07:09,34.69,32.96,82.4,78,20,18.34
525,Jambi,ID,2020-08-18 17:07:10,-1.6,103.62,76.39,90,58,0.78
526,Te Anau,NZ,2020-08-18 17:07:08,-45.42,167.72,42.82,88,100,3.04
527,Camasca,HN,2020-08-18 17:07:10,14.0,-88.38,86.0,79,71,1.12
528,Beloha,MG,2020-08-18 17:07:06,-25.17,45.05,71.82,60,0,11.21
529,Nago,JP,2020-08-18 17:07:11,26.59,127.98,82.0,94,75,3.36
530,Ketchikan,US,2020-08-18 17:07:11,55.34,-131.65,57.2,100,90,13.87
531,Matara,LK,2020-08-18 17:07:11,5.95,80.54,78.64,87,39,8.72
532,Karaton,ID,2020-08-18 17:07:11,-6.34,106.1,78.01,83,20,5.82
533,Areosa,PT,2020-08-18 17:07:12,41.72,-8.86,73.4,78,20,14.99
534,Sarahan,IN,2020-08-18 17:07:12,31.52,77.8,66.06,76,100,1.1
535,Rodeo,US,2020-08-18 17:07:12,38.03,-122.27,88.0,54,1,3.36
536,Naze,JP,2020-08-18 17:07:12,28.37,129.48,78.8,100,20,1.12
537,Shirokiy,RU,2020-08-18 17:07:12,49.76,129.52,52.3,73,99,10.85
538,Sungaipenuh,ID,2020-08-18 17:07:13,-2.08,101.38,64.83,84,64,3.56
539,Kununurra,AU,2020-08-18 17:07:13,-15.77,128.73,71.6,87,0,5.82
540,At-Bashi,KG,2020-08-18 17:07:13,41.17,75.81,54.23,66,100,2.01
541,Poyarkovo,RU,2020-08-18 17:07:13,49.6,128.68,52.52,73,98,8.08
542,Cairns,AU,2020-08-18 17:07:14,-16.92,145.77,62.6,93,90,3.94
543,Vardo,NO,2020-08-18 17:07:14,70.37,31.11,51.8,76,95,20.8
544,Douentza,ML,2020-08-18 17:07:14,15.0,-2.95,98.94,31,5,9.84
545,Duki,PK,2020-08-18 17:05:44,30.15,68.57,92.26,36,0,15.73
546,Saint-Joseph,RE,2020-08-18 17:07:15,-21.37,55.62,69.8,73,19,4.7
547,Menongue,AO,2020-08-18 17:07:06,-14.66,17.69,72.7,19,9,5.5
548,Leningradskiy,RU,2020-08-18 17:07:15,69.38,178.42,41.18,74,22,5.35
549,Maine-Soroa,NE,2020-08-18 17:07:16,13.21,12.02,80.47,71,60,6.73
550,Chase,CA,2020-08-18 17:07:16,50.82,-119.69,79.0,47,0,2.8
551,Barra Patuca,HN,2020-08-18 17:07:16,15.8,-84.28,84.11,79,16,5.7
552,Srivardhan,IN,2020-08-18 17:07:16,18.03,73.02,80.37,86,100,14.05
553,Turochak,RU,2020-08-18 17:07:17,52.26,87.12,59.77,95,100,0.38
554,Nicoya,CR,2020-08-18 17:07:17,10.15,-85.45,82.4,78,75,3.36
555,Cockburn Town,TC,2020-08-18 17:07:17,21.46,-71.14,87.8,66,40,6.93
556,La Palma,US,2020-08-18 17:07:17,33.85,-118.05,86.0,65,40,5.82
557,Yashkul,RU,2020-08-18 17:07:18,46.17,45.34,83.95,30,81,5.12
558,Kutum,SD,2020-08-18 17:07:18,14.2,24.67,77.63,57,81,12.8
559,Hurghada,EG,2020-08-18 17:05:23,27.26,33.81,93.2,34,0,8.05
560,Gat,IL,2020-08-18 17:06:03,31.61,34.76,87.01,50,0,6.62
561,Las Vegas,US,2020-08-18 17:02:36,36.17,-115.14,102.0,15,1,3.98
562,Goya,AR,2020-08-18 17:07:19,-29.14,-59.26,76.8,26,0,1.74
563,Tezu,IN,2020-08-18 17:07:19,27.92,96.17,74.93,84,42,4.18
564,Challans,FR,2020-08-18 17:07:19,46.84,-1.87,73.4,73,90,13.87
565,Delaware,US,2020-08-18 17:03:19,39.0,-75.5,82.0,69,1,4.7
566,Aztec,US,2020-08-18 17:07:20,36.82,-107.99,82.0,26,1,12.75
567,Kayerkan,RU,2020-08-18 17:07:20,69.35,87.76,60.8,55,29,8.95
568,Ambon,ID,2020-08-18 17:07:21,-3.7,128.18,75.99,16,66,10.0
569,Banjar,ID,2020-08-18 17:07:21,-8.19,114.97,78.8,100,40,8.05
570,Bose,IT,2020-08-18 17:07:21,45.46,8.01,84.99,34,0,1.01
571,Birnin Kebbi,NG,2020-08-18 17:07:21,12.45,4.2,90.73,53,7,6.46
572,Oranjemund,NA,2020-08-18 17:07:07,-28.55,16.43,54.61,64,0,24.11
573,Vkhodnoy,RU,2020-08-18 17:07:22,54.95,73.17,55.4,82,40,8.95
574,Muisne,EC,2020-08-18 17:07:22,0.6,-80.03,78.8,78,90,5.82
575,Turbat,PK,2020-08-18 17:07:22,26.0,63.04,86.94,65,91,9.51
576,Kudahuvadhoo,MV,2020-08-18 17:07:22,2.67,72.89,83.39,66,30,4.18
577,Trincomalee,LK,2020-08-18 17:07:23,8.57,81.23,81.07,73,56,9.51
578,Strezhevoy,RU,2020-08-18 17:07:23,60.73,77.59,62.6,77,40,6.71
579,Kurmanayevka,RU,2020-08-18 17:07:23,52.51,52.07,54.73,66,11,8.01
580,Mackay,AU,2020-08-18 17:07:23,-21.15,149.2,62.6,88,5,8.05
581,Manuk Mangkaw,PH,2020-08-18 17:07:23,4.8,119.85,84.06,73,79,9.13
582,Sao Joao Da Barra,BR,2020-08-18 17:06:35,-21.64,-41.05,84.2,62,40,13.87
583,The Valley,AI,2020-08-18 17:04:05,18.22,-63.06,89.6,66,20,21.92
584,Villa Sandino,NI,2020-08-18 17:07:24,12.05,-84.99,86.0,66,40,6.93
585,Waingapu,ID,2020-08-18 17:07:24,-9.66,120.26,72.19,81,22,6.02
586,Tabuk,PH,2020-08-18 17:07:25,17.42,121.44,74.61,85,58,2.19
587,Tall Kayf,TR,2020-08-18 17:07:25,37.08,41.07,85.75,13,0,6.24
588,Najran,SA,2020-08-18 17:07:25,17.49,44.13,96.8,16,40,9.17
589,Isiro,CD,2020-08-18 17:07:26,2.77,27.62,71.42,91,30,0.92
590,Kleive,NO,2020-08-18 17:07:26,62.8,7.64,71.6,73,40,3.36
591,Alexandria,EG,2020-08-18 17:07:26,31.22,29.96,84.2,54,20,17.22
592,Jardim,BR,2020-08-18 17:02:35,-21.48,-56.14,79.27,70,96,1.74
593,Basoko,CD,2020-08-18 17:07:26,1.24,23.62,80.64,66,69,0.94
594,Baghdad,IQ,2020-08-18 17:07:27,33.34,44.4,100.4,17,3,8.05
595,Imbituba,BR,2020-08-18 17:07:27,-28.24,-48.67,66.2,88,75,9.17
596,Pimentel,PE,2020-08-18 17:07:27,-6.84,-79.93,69.8,64,84,13.87
597,Hobyo,SO,2020-08-18 17:06:17,5.35,48.53,77.32,81,64,26.26
598,Bartica,GY,2020-08-18 17:07:28,6.4,-58.62,89.6,62,75,9.17
599,Liebenburg,DE,2020-08-18 17:07:28,52.02,10.43,73.0,69,86,5.55
600,Slave Lake,CA,2020-08-18 17:07:28,55.28,-114.77,69.8,73,1,2.24
601,Sampit,ID,2020-08-18 17:07:28,-2.53,112.95,74.26,91,66,3.09
602,Nsanje,MW,2020-08-18 17:07:28,-16.92,35.26,82.17,38,74,2.21
603,Palu,ID,2020-08-18 17:07:29,-0.89,119.87,73.99,73,0,2.91
604,Puerto Madryn,AR,2020-08-18 17:03:45,-42.77,-65.04,45.43,53,2,29.01
605,Arona,ES,2020-08-18 17:03:30,28.1,-16.68,82.4,58,12,20.8
606,Kautokeino,NO,2020-08-18 17:07:29,69.01,23.04,56.17,66,95,5.19
607,Stepnyak,KZ,2020-08-18 17:07:30,52.83,70.78,56.1,72,97,14.12
608,Santa Cruz De Tenerife,ES,2020-08-18 17:07:30,28.47,-16.25,86.0,33,1,9.17
609,Helena,US,2020-08-18 17:07:30,46.59,-112.04,82.0,33,1,1.61
610,Luganville,VU,2020-08-18 17:07:30,-15.53,167.17,73.99,86,85,7.74
611,Inta,RU,2020-08-18 17:07:31,66.03,60.17,53.2,83,72,10.74
612,Garowe,SO,2020-08-18 17:07:31,8.41,48.48,85.44,32,67,17.0
613,Broken Hill,AU,2020-08-18 17:07:31,-31.95,141.43,59.0,30,4,21.92
614,Tupik,RU,2020-08-18 17:07:31,54.43,119.93,41.68,79,0,1.88
615,Tawang,IN,2020-08-18 17:07:31,27.58,91.87,56.7,73,70,2.66
616,Yeppoon,AU,2020-08-18 17:07:32,-23.13,150.73,55.4,82,4,9.19
617,Corum,TR,2020-08-18 17:07:32,40.5,34.75,64.54,55,0,8.16
618,Mokhsogollokh,RU,2020-08-18 17:07:32,61.47,128.92,43.23,70,0,3.4
619,Guerrero Negro,MX,2020-08-18 17:07:32,27.98,-114.06,84.79,47,0,4.41
620,Honningsvag,NO,2020-08-18 17:07:32,70.98,25.97,50.0,87,75,6.93
621,Zhanaozen,KZ,2020-08-18 17:07:33,43.3,52.8,74.37,42,0,11.83
622,Bilibino,RU,2020-08-18 17:07:33,68.05,166.44,39.31,86,100,6.53
623,Yuanping,CN,2020-08-18 17:05:04,38.72,112.76,62.56,71,100,3.69
624,Mathbaria,BD,2020-08-18 17:07:33,22.29,89.96,80.83,91,100,6.4
625,Arcata,US,2020-08-18 17:07:34,40.87,-124.08,60.01,100,90,5.82
626,Magistralnyy,RU,2020-08-18 17:07:34,56.17,107.45,51.46,63,77,2.04
627,Caxito,AO,2020-08-18 17:04:06,-8.58,13.66,71.6,83,75,5.82
628,Littleton,US,2020-08-18 17:07:34,39.61,-105.02,91.99,20,40,4.7
629,Mpongwe,ZM,2020-08-18 17:07:35,-13.51,28.16,69.94,24,79,0.72
630,Barmer,IN,2020-08-18 17:07:35,25.75,71.38,85.71,71,96,16.8
631,Presidencia Roque Saenz Pena,AR,2020-08-18 17:07:35,-26.79,-60.44,83.62,33,0,3.04
632,Constantine,DZ,2020-08-18 17:07:35,36.37,6.61,91.4,27,40,13.87
633,Rundu,NA,2020-08-18 17:07:35,-17.93,19.77,68.63,22,0,7.29
634,Henties Bay,NA,2020-08-18 17:07:36,-22.12,14.28,57.99,79,0,8.99
635,Kerrobert,CA,2020-08-18 17:07:36,51.92,-109.13,80.6,39,20,3.36
636,Merano,IT,2020-08-18 17:07:36,46.67,11.16,86.0,33,28,3.36
637,Bathsheba,BB,2020-08-18 17:07:36,13.22,-59.52,86.0,74,75,14.99
638,Carauari,BR,2020-08-18 17:07:37,-4.88,-66.9,89.29,55,73,4.21
639,Petropavlovsk-Kamchatskiy,RU,2020-08-18 17:07:38,53.05,158.65,51.8,100,90,6.71
640,Tricase,IT,2020-08-18 17:05:10,39.93,18.36,86.0,83,5,9.26
641,Bordighera,IT,2020-08-18 17:07:38,43.78,7.66,82.0,64,72,1.99
642,Alice Springs,AU,2020-08-18 17:07:39,-23.7,133.88,59.0,18,0,10.29
643,Fuling,CN,2020-08-18 17:05:06,29.7,107.39,70.97,87,100,1.97
644,Mgandu,TZ,2020-08-18 17:07:40,-5.95,34.13,68.49,32,92,6.53
645,Lucea,JM,2020-08-18 17:07:41,18.45,-78.17,87.8,70,20,13.87
646,Bar Harbor,US,2020-08-18 17:07:41,44.39,-68.2,68.0,100,75,9.17
647,Nueva Concepcion,GT,2020-08-18 17:07:41,14.2,-91.3,84.2,74,20,4.7
648,Uxbridge,US,2020-08-18 17:07:41,42.08,-71.63,84.0,49,0,1.99
649,Progreso,MX,2020-08-18 17:07:42,21.28,-89.67,93.0,74,75,4.7
650,Cordele,US,2020-08-18 17:07:24,31.96,-83.78,96.01,55,1,5.82
651,Venice,US,2020-08-18 17:07:42,27.1,-82.45,89.01,70,1,9.17
652,Durban,ZA,2020-08-18 17:06:38,-29.86,31.03,60.8,48,75,4.7
653,Dickson,US,2020-08-18 17:07:43,36.08,-87.39,84.99,54,40,12.75
654,Port Pirie,AU,2020-08-18 17:07:43,-33.18,138.02,55.4,66,75,25.28
655,Beidao,CN,2020-08-18 17:05:06,34.57,105.89,60.15,72,97,2.62
656,Nishihara,JP,2020-08-18 17:07:43,26.18,127.76,84.2,79,20,3.36
657,Heilbron,ZA,2020-08-18 17:07:44,-27.28,27.97,41.99,54,0,14.03
658,Simao,CN,2020-08-18 17:07:44,22.79,100.97,64.56,97,100,1.72
659,Bairnsdale,AU,2020-08-18 17:07:44,-37.83,147.62,44.01,85,85,5.21
660,Aloleng,PH,2020-08-18 17:07:14,16.13,119.78,82.04,79,100,4.85
661,Pringsewu,ID,2020-08-18 17:07:45,-5.36,104.97,73.15,93,18,1.25
662,Vestmanna,FO,2020-08-18 17:07:45,62.16,-7.17,53.6,81,22,9.17
663,Vredendal,ZA,2020-08-18 17:07:46,-31.67,18.5,50.45,68,52,11.14
664,Mitu,CO,2020-08-18 17:07:46,1.2,-70.17,78.67,77,97,1.39
665,San Carlos De Bariloche,AR,2020-08-18 17:06:52,-41.15,-71.31,39.2,38,40,19.46
666,Dengfeng,CN,2020-08-18 17:05:06,34.46,113.03,75.0,99,97,4.5
667,Weston,US,2020-08-18 17:07:47,26.1,-80.4,93.99,56,88,4.29
668,Nizip,TR,2020-08-18 17:07:47,37.01,37.79,87.8,27,0,10.29
669,Vestmannaeyjar,IS,2020-08-18 17:07:47,63.44,-20.27,53.6,81,20,18.34
670,Dongning,CN,2020-08-18 17:07:47,44.06,131.12,71.85,89,15,2.28
671,Gbarnga,LR,2020-08-18 17:07:48,7.0,-9.47,80.92,76,58,4.74
672,Lorengau,PG,2020-08-18 17:07:34,-2.02,147.27,81.75,78,46,7.52
673,Tilichiki,RU,2020-08-18 17:07:48,60.47,166.1,44.58,60,95,3.91
674,Worcester,US,2020-08-18 17:07:48,42.33,-71.83,84.0,50,1,14.99
675,Serik,TR,2020-08-18 17:07:48,36.92,31.1,84.2,74,20,5.82
676,Tinskoy,RU,2020-08-18 17:07:49,56.15,96.92,58.75,92,99,2.33
677,Lata,PT,2020-08-18 17:07:49,40.16,-8.33,84.0,55,68,10.6
678,Ancud,CL,2020-08-18 17:07:49,-41.87,-73.82,44.6,75,75,13.87
679,Conde,BR,2020-08-18 17:07:49,-7.26,-34.91,80.6,74,75,18.34
680,Numan,NG,2020-08-18 17:07:50,9.47,12.03,81.34,81,81,4.29
681,Kotelnikovo,RU,2020-08-18 17:07:50,47.63,43.15,77.23,43,41,6.53
